pdu,sender,bus,can_id_hex,frame_format,dlc_bytes,ComTxModeMode,ComTxModeTimePeriod_ms,ComMinimumDelayTime_ms,e2e_profile,ComTimeout_ms,routed_to_someip,signal,start_bit,length_bits,factor,offset,unit,ComTransferProperty,ComFilterAlgorithm,filter_mask_hex,J1979
ECM_EngSts,ECM,CANFD_F,0x180,CAN FD base (11-bit),7,MIXED,10,2,P11,25.0,1,n_eng,16,15,0.25,0.0,rpm,TRIGGERED_ON_CHANGE,MASKED_NEW_DIFFERS_MASKED_OLD,0x7F80,PID 0x0C
ECM_EngSts,ECM,CANFD_F,0x180,CAN FD base (11-bit),7,MIXED,10,2,P11,25.0,1,tq_eng,31,10,0.5,-50,N m,TRIGGERED_ON_CHANGE,MASKED_NEW_DIFFERS_MASKED_OLD,0x3E0,
ECM_EngSts,ECM,CANFD_F,0x180,CAN FD base (11-bit),7,MIXED,10,2,P11,25.0,1,fuel_rate,41,11,0.01,0,g/s,TRIGGERED_ON_CHANGE,MASKED_NEW_DIFFERS_MASKED_OLD,0x7F0,
ECM_EngThm,ECM,CANFD_F,0x182,CAN FD base (11-bit),2,PERIODIC,100,0,,250.0,1,T_cool_eng,0,8,1.0,-40.0,degC,PENDING,ALWAYS,,PID 0x05
ECM_EngThm,ECM,CANFD_F,0x182,CAN FD base (11-bit),2,PERIODIC,100,0,,250.0,1,T_cat,8,8,5.0,-40,degC,PENDING,ALWAYS,,
PCU_MgSts,PCU,CANFD_F,0x140,CAN FD base (11-bit),12,MIXED,10,2,P11,25.0,1,n_MG1,16,15,1.0,-15000,rpm,TRIGGERED_ON_CHANGE,MASKED_NEW_DIFFERS_MASKED_OLD,0x7FE0,
PCU_MgSts,PCU,CANFD_F,0x140,CAN FD base (11-bit),12,MIXED,10,2,P11,25.0,1,tq_MG1,31,11,0.25,-200,N m,TRIGGERED_ON_CHANGE,MASKED_NEW_DIFFERS_MASKED_OLD,0x7E0,
PCU_MgSts,PCU,CANFD_F,0x140,CAN FD base (11-bit),12,MIXED,10,2,P11,25.0,1,n_MG2,42,15,1.0,-15000,rpm,TRIGGERED_ON_CHANGE,MASKED_NEW_DIFFERS_MASKED_OLD,0x7FE0,
PCU_MgSts,PCU,CANFD_F,0x140,CAN FD base (11-bit),12,MIXED,10,2,P11,25.0,1,tq_MG2,57,12,0.25,-400,N m,TRIGGERED_ON_CHANGE,MASKED_NEW_DIFFERS_MASKED_OLD,0xFE0,
PCU_MgThm,PCU,CANFD_F,0x142,CAN FD base (11-bit),3,PERIODIC,100,0,,250.0,1,T_MG1,0,8,1.0,-40,degC,PENDING,ALWAYS,,
PCU_MgThm,PCU,CANFD_F,0x142,CAN FD base (11-bit),3,PERIODIC,100,0,,250.0,1,T_MG2,8,8,1.0,-40,degC,PENDING,ALWAYS,,
PCU_MgThm,PCU,CANFD_F,0x142,CAN FD base (11-bit),3,PERIODIC,100,0,,250.0,1,T_inv,16,8,1.0,-40,degC,PENDING,ALWAYS,,
ESC_VehDyn,ESC,CANFD_F,0x080,CAN FD base (11-bit),12,PERIODIC,10,0,P11,25.0,1,v_veh,16,13,0.01,0,m/s,PENDING,ALWAYS,,
ESC_VehDyn,ESC,CANFD_F,0x080,CAN FD base (11-bit),12,PERIODIC,10,0,P11,25.0,1,a_long,29,12,0.01,-15,m/s^2,PENDING,ALWAYS,,
ESC_VehDyn,ESC,CANFD_F,0x080,CAN FD base (11-bit),12,PERIODIC,10,0,P11,25.0,1,a_lat,41,12,0.01,-15,m/s^2,PENDING,ALWAYS,,
ESC_VehDyn,ESC,CANFD_F,0x080,CAN FD base (11-bit),12,PERIODIC,10,0,P11,25.0,1,yaw_rate,53,13,0.05,-150,deg/s,PENDING,ALWAYS,,
ESC_WhlSpd,ESC,CANFD_F,0x082,CAN FD base (11-bit),12,PERIODIC,10,0,P11,25.0,1,w_FL,16,14,0.03,0,rad/s,PENDING,ALWAYS,,
ESC_WhlSpd,ESC,CANFD_F,0x082,CAN FD base (11-bit),12,PERIODIC,10,0,P11,25.0,1,w_FR,30,14,0.03,0,rad/s,PENDING,ALWAYS,,
ESC_WhlSpd,ESC,CANFD_F,0x082,CAN FD base (11-bit),12,PERIODIC,10,0,P11,25.0,1,w_RL,44,14,0.03,0,rad/s,PENDING,ALWAYS,,
ESC_WhlSpd,ESC,CANFD_F,0x082,CAN FD base (11-bit),12,PERIODIC,10,0,P11,25.0,1,w_RR,58,14,0.03,0,rad/s,PENDING,ALWAYS,,
ESC_Brk,ESC,CANFD_F,0x084,CAN FD base (11-bit),6,MIXED,20,5,P11,50.0,1,brake_pressure,16,12,0.1,0,bar,TRIGGERED_ON_CHANGE,MASKED_NEW_DIFFERS_MASKED_OLD,0xFF8,
ESC_Brk,ESC,CANFD_F,0x084,CAN FD base (11-bit),6,MIXED,20,5,P11,50.0,1,T_brake_F,28,10,1.0,-40,degC,TRIGGERED_ON_CHANGE,MASKED_NEW_DIFFERS_MASKED_OLD,0x3F0,
ESC_Brk,ESC,CANFD_F,0x084,CAN FD base (11-bit),6,MIXED,20,5,P11,50.0,1,T_brake_R,38,10,1.0,-40,degC,TRIGGERED_ON_CHANGE,MASKED_NEW_DIFFERS_MASKED_OLD,0x3F0,
EPS_Sts,EPS,CANFD_F,0x100,CAN FD base (11-bit),4,PERIODIC,10,0,P11,25.0,1,steer_angle,16,14,0.1,-800,deg,PENDING,ALWAYS,,
DCDC_Sts,DCDC_ECU,CANFD_F,0x300,CAN FD base (11-bit),3,MIXED,100,10,,250.0,1,V_12,0,11,0.01,0,V,TRIGGERED_ON_CHANGE,MASKED_NEW_DIFFERS_MASKED_OLD,0x7F0,
DCDC_Sts,DCDC_ECU,CANFD_F,0x300,CAN FD base (11-bit),3,MIXED,100,10,,250.0,1,I_dcdc,11,12,0.1,0,A,TRIGGERED_ON_CHANGE,MASKED_NEW_DIFFERS_MASKED_OLD,0xFF0,
TMS_Sts,TMS,CANFD_F,0x340,CAN FD base (11-bit),3,PERIODIC,100,0,,250.0,1,T_cool_edu,0,9,0.5,-40,degC,PENDING,ALWAYS,,
TMS_Sts,TMS,CANFD_F,0x340,CAN FD base (11-bit),3,PERIODIC,100,0,,250.0,1,T_rad_out,9,8,1.0,-40,degC,PENDING,ALWAYS,,
BMS_PackSts,BMS,CANFD_R,0x200,CAN FD base (11-bit),8,MIXED,20,5,P05,50.0,1,I_batt,24,13,0.1,-400,A,TRIGGERED_ON_CHANGE,MASKED_NEW_DIFFERS_MASKED_OLD,0x1FE0,
BMS_PackSts,BMS,CANFD_R,0x200,CAN FD base (11-bit),8,MIXED,20,5,P05,50.0,1,V_batt,37,13,0.1,0,V,TRIGGERED_ON_CHANGE,MASKED_NEW_DIFFERS_MASKED_OLD,0x1FF0,
BMS_PackSts,BMS,CANFD_R,0x200,CAN FD base (11-bit),8,MIXED,20,5,P05,50.0,1,SOC,50,10,0.1,0,%,TRIGGERED_ON_CHANGE,MASKED_NEW_DIFFERS_MASKED_OLD,0x3F8,
BMS_Thm,BMS,CANFD_R,0x202,CAN FD base (11-bit),2,PERIODIC,100,0,,250.0,1,T_batt,0,9,0.5,-40,degC,PENDING,ALWAYS,,
SCU_Travel,SCU,CANFD_R,0x240,CAN FD base (11-bit),6,PERIODIC,10,0,,25.0,1,susp_travel_FL,0,12,0.1,-120,mm,PENDING,ALWAYS,,
SCU_Travel,SCU,CANFD_R,0x240,CAN FD base (11-bit),6,PERIODIC,10,0,,25.0,1,susp_travel_FR,12,12,0.1,-120,mm,PENDING,ALWAYS,,
SCU_Travel,SCU,CANFD_R,0x240,CAN FD base (11-bit),6,PERIODIC,10,0,,25.0,1,susp_travel_RL,24,12,0.1,-120,mm,PENDING,ALWAYS,,
SCU_Travel,SCU,CANFD_R,0x240,CAN FD base (11-bit),6,PERIODIC,10,0,,25.0,1,susp_travel_RR,36,12,0.1,-120,mm,PENDING,ALWAYS,,
SCU_BodyAcc,SCU,CANFD_R,0x242,CAN FD base (11-bit),6,PERIODIC,20,0,,50.0,1,body_acc_FL,0,11,0.01,0,m/s^2 rms,PENDING,ALWAYS,,
SCU_BodyAcc,SCU,CANFD_R,0x242,CAN FD base (11-bit),6,PERIODIC,20,0,,50.0,1,body_acc_FR,11,11,0.01,0,m/s^2 rms,PENDING,ALWAYS,,
SCU_BodyAcc,SCU,CANFD_R,0x242,CAN FD base (11-bit),6,PERIODIC,20,0,,50.0,1,body_acc_RL,22,11,0.01,0,m/s^2 rms,PENDING,ALWAYS,,
SCU_BodyAcc,SCU,CANFD_R,0x242,CAN FD base (11-bit),6,PERIODIC,20,0,,50.0,1,body_acc_RR,33,11,0.01,0,m/s^2 rms,PENDING,ALWAYS,,
TPMS_Press,TPMS,CANFD_R,0x400,CAN FD base (11-bit),5,MIXED,1000,100,,2500.0,1,p_tire_FL,0,9,0.014,0,bar,TRIGGERED_ON_CHANGE,MASKED_NEW_DIFFERS_MASKED_OLD,0x1FC,
TPMS_Press,TPMS,CANFD_R,0x400,CAN FD base (11-bit),5,MIXED,1000,100,,2500.0,1,p_tire_FR,9,9,0.014,0,bar,TRIGGERED_ON_CHANGE,MASKED_NEW_DIFFERS_MASKED_OLD,0x1FC,
TPMS_Press,TPMS,CANFD_R,0x400,CAN FD base (11-bit),5,MIXED,1000,100,,2500.0,1,p_tire_RL,18,9,0.014,0,bar,TRIGGERED_ON_CHANGE,MASKED_NEW_DIFFERS_MASKED_OLD,0x1FC,
TPMS_Press,TPMS,CANFD_R,0x400,CAN FD base (11-bit),5,MIXED,1000,100,,2500.0,1,p_tire_RR,27,9,0.014,0,bar,TRIGGERED_ON_CHANGE,MASKED_NEW_DIFFERS_MASKED_OLD,0x1FC,
CCU_Sts,CCU,CANFD_R,0x440,CAN FD base (11-bit),3,MIXED,200,50,,500.0,1,T_cabin,0,9,0.5,-40,degC,TRIGGERED_ON_CHANGE,MASKED_NEW_DIFFERS_MASKED_OLD,0x1FC,
CCU_Sts,CCU,CANFD_R,0x440,CAN FD base (11-bit),3,MIXED,200,50,,500.0,1,P_ac,9,10,10.0,0,W,TRIGGERED_ON_CHANGE,MASKED_NEW_DIFFERS_MASKED_OLD,0x3F0,
ZCF_TqReqEng,ZC_FRONT,CANFD_F,0x0C0,CAN FD base (11-bit),8,PERIODIC,10,0,P11,25.0,0,,,,,,,,,,
ZCF_TqReqMg,ZC_FRONT,CANFD_F,0x0C2,CAN FD base (11-bit),8,PERIODIC,10,0,P11,25.0,0,,,,,,,,,,
ZCF_ThmReq,ZC_FRONT,CANFD_F,0x0C4,CAN FD base (11-bit),8,PERIODIC,100,0,,250.0,0,,,,,,,,,,
ZCR_BmsReq,ZC_REAR,CANFD_R,0x1C0,CAN FD base (11-bit),8,PERIODIC,20,0,P05,50.0,0,,,,,,,,,,
ZCR_ClimReq,ZC_REAR,CANFD_R,0x1C2,CAN FD base (11-bit),8,PERIODIC,200,0,,500.0,0,,,,,,,,,,
ECM_Bg0,ECM,CANFD_F,0x4AA,CAN FD base (11-bit),8,PERIODIC,200.0,0,,0.0,0,,,,,,,,,,
ECM_Bg1,ECM,CANFD_F,0x196,CAN FD base (11-bit),24,PERIODIC,10.0,0,,0.0,0,,,,,,,,,,
ECM_Bg2,ECM,CANFD_F,0x198,CAN FD base (11-bit),16,PERIODIC,50.0,0,,0.0,0,,,,,,,,,,
ECM_Bg3,ECM,CANFD_F,0x19A,CAN FD base (11-bit),16,PERIODIC,10.0,0,,0.0,0,,,,,,,,,,
ECM_Bg4,ECM,CANFD_F,0x4B2,CAN FD base (11-bit),16,PERIODIC,100.0,0,,0.0,0,,,,,,,,,,
ECM_Bg5,ECM,CANFD_F,0x4B4,CAN FD base (11-bit),32,PERIODIC,200.0,0,,0.0,0,,,,,,,,,,
ECM_Bg6,ECM,CANFD_F,0x4B6,CAN FD base (11-bit),64,PERIODIC,100.0,0,,0.0,0,,,,,,,,,,
ECM_NM,ECM,CANFD_F,0x700,CAN FD base (11-bit),8,PERIODIC,1000,0,,0.0,0,,,,,,,,,,
PCU_Bg0,PCU,CANFD_F,0x4BA,CAN FD base (11-bit),8,PERIODIC,200.0,0,,0.0,0,,,,,,,,,,
PCU_Bg1,PCU,CANFD_F,0x4BC,CAN FD base (11-bit),24,PERIODIC,500.0,0,,0.0,0,,,,,,,,,,
PCU_Bg2,PCU,CANFD_F,0x158,CAN FD base (11-bit),8,PERIODIC,10.0,0,,0.0,0,,,,,,,,,,
PCU_Bg3,PCU,CANFD_F,0x15A,CAN FD base (11-bit),64,PERIODIC,20.0,0,,0.0,0,,,,,,,,,,
PCU_Bg4,PCU,CANFD_F,0x4C2,CAN FD base (11-bit),64,PERIODIC,200.0,0,,0.0,0,,,,,,,,,,
PCU_Bg5,PCU,CANFD_F,0x15E,CAN FD base (11-bit),24,PERIODIC,20.0,0,,0.0,0,,,,,,,,,,
PCU_NM,PCU,CANFD_F,0x701,CAN FD base (11-bit),8,PERIODIC,1000,0,,0.0,0,,,,,,,,,,
ESC_Bg0,ESC,CANFD_F,0x4C8,CAN FD base (11-bit),32,PERIODIC,100.0,0,,0.0,0,,,,,,,,,,
ESC_Bg1,ESC,CANFD_F,0x098,CAN FD base (11-bit),24,PERIODIC,10.0,0,,0.0,0,,,,,,,,,,
ESC_Bg2,ESC,CANFD_F,0x4CC,CAN FD base (11-bit),32,PERIODIC,100.0,0,,0.0,0,,,,,,,,,,
ESC_Bg3,ESC,CANFD_F,0x4CE,CAN FD base (11-bit),16,PERIODIC,100.0,0,,0.0,0,,,,,,,,,,
ESC_Bg4,ESC,CANFD_F,0x4D0,CAN FD base (11-bit),16,PERIODIC,100.0,0,,0.0,0,,,,,,,,,,
ESC_Bg5,ESC,CANFD_F,0x0A0,CAN FD base (11-bit),8,PERIODIC,20.0,0,,0.0,0,,,,,,,,,,
ESC_Bg6,ESC,CANFD_F,0x0A2,CAN FD base (11-bit),8,PERIODIC,20.0,0,,0.0,0,,,,,,,,,,
ESC_Bg7,ESC,CANFD_F,0x4D6,CAN FD base (11-bit),24,PERIODIC,200.0,0,,0.0,0,,,,,,,,,,
ESC_NM,ESC,CANFD_F,0x702,CAN FD base (11-bit),8,PERIODIC,1000,0,,0.0,0,,,,,,,,,,
EPS_Bg0,EPS,CANFD_F,0x112,CAN FD base (11-bit),16,PERIODIC,10.0,0,,0.0,0,,,,,,,,,,
EPS_Bg1,EPS,CANFD_F,0x114,CAN FD base (11-bit),24,PERIODIC,20.0,0,,0.0,0,,,,,,,,,,
EPS_Bg2,EPS,CANFD_F,0x4DE,CAN FD base (11-bit),8,PERIODIC,200.0,0,,0.0,0,,,,,,,,,,
EPS_Bg3,EPS,CANFD_F,0x4E0,CAN FD base (11-bit),16,PERIODIC,100.0,0,,0.0,0,,,,,,,,,,
EPS_NM,EPS,CANFD_F,0x703,CAN FD base (11-bit),8,PERIODIC,1000,0,,0.0,0,,,,,,,,,,
DCDC_ECU_Bg0,DCDC_ECU,CANFD_F,0x4E4,CAN FD base (11-bit),16,PERIODIC,500.0,0,,0.0,0,,,,,,,,,,
DCDC_ECU_Bg1,DCDC_ECU,CANFD_F,0x314,CAN FD base (11-bit),8,PERIODIC,20.0,0,,0.0,0,,,,,,,,,,
DCDC_ECU_Bg2,DCDC_ECU,CANFD_F,0x4E8,CAN FD base (11-bit),24,PERIODIC,100.0,0,,0.0,0,,,,,,,,,,
DCDC_ECU_NM,DCDC_ECU,CANFD_F,0x704,CAN FD base (11-bit),8,PERIODIC,1000,0,,0.0,0,,,,,,,,,,
TMS_Bg0,TMS,CANFD_F,0x352,CAN FD base (11-bit),16,PERIODIC,50.0,0,,0.0,0,,,,,,,,,,
TMS_Bg1,TMS,CANFD_F,0x4EE,CAN FD base (11-bit),8,PERIODIC,100.0,0,,0.0,0,,,,,,,,,,
TMS_Bg2,TMS,CANFD_F,0x4F0,CAN FD base (11-bit),8,PERIODIC,500.0,0,,0.0,0,,,,,,,,,,
TMS_Bg3,TMS,CANFD_F,0x4F2,CAN FD base (11-bit),64,PERIODIC,500.0,0,,0.0,0,,,,,,,,,,
TMS_NM,TMS,CANFD_F,0x705,CAN FD base (11-bit),8,PERIODIC,1000,0,,0.0,0,,,,,,,,,,
BMS_Bg0,BMS,CANFD_R,0x4F6,CAN FD base (11-bit),32,PERIODIC,500.0,0,,0.0,0,,,,,,,,,,
BMS_Bg1,BMS,CANFD_R,0x4F8,CAN FD base (11-bit),24,PERIODIC,100.0,0,,0.0,0,,,,,,,,,,
BMS_Bg2,BMS,CANFD_R,0x218,CAN FD base (11-bit),16,PERIODIC,20.0,0,,0.0,0,,,,,,,,,,
BMS_Bg3,BMS,CANFD_R,0x4FC,CAN FD base (11-bit),64,PERIODIC,100.0,0,,0.0,0,,,,,,,,,,
BMS_Bg4,BMS,CANFD_R,0x4FE,CAN FD base (11-bit),24,PERIODIC,200.0,0,,0.0,0,,,,,,,,,,
BMS_Bg5,BMS,CANFD_R,0x500,CAN FD base (11-bit),16,PERIODIC,100.0,0,,0.0,0,,,,,,,,,,
BMS_Bg6,BMS,CANFD_R,0x220,CAN FD base (11-bit),64,PERIODIC,50.0,0,,0.0,0,,,,,,,,,,
BMS_Bg7,BMS,CANFD_R,0x222,CAN FD base (11-bit),8,PERIODIC,10.0,0,,0.0,0,,,,,,,,,,
BMS_Bg8,BMS,CANFD_R,0x224,CAN FD base (11-bit),32,PERIODIC,50.0,0,,0.0,0,,,,,,,,,,
BMS_Bg9,BMS,CANFD_R,0x226,CAN FD base (11-bit),8,PERIODIC,50.0,0,,0.0,0,,,,,,,,,,
BMS_Bg10,BMS,CANFD_R,0x228,CAN FD base (11-bit),8,PERIODIC,10.0,0,,0.0,0,,,,,,,,,,
BMS_NM,BMS,CANFD_R,0x706,CAN FD base (11-bit),8,PERIODIC,1000,0,,0.0,0,,,,,,,,,,
SCU_Bg0,SCU,CANFD_R,0x254,CAN FD base (11-bit),32,PERIODIC,10.0,0,,0.0,0,,,,,,,,,,
SCU_Bg1,SCU,CANFD_R,0x256,CAN FD base (11-bit),8,PERIODIC,50.0,0,,0.0,0,,,,,,,,,,
SCU_Bg2,SCU,CANFD_R,0x512,CAN FD base (11-bit),16,PERIODIC,100.0,0,,0.0,0,,,,,,,,,,
SCU_Bg3,SCU,CANFD_R,0x514,CAN FD base (11-bit),24,PERIODIC,100.0,0,,0.0,0,,,,,,,,,,
SCU_Bg4,SCU,CANFD_R,0x516,CAN FD base (11-bit),8,PERIODIC,100.0,0,,0.0,0,,,,,,,,,,
SCU_Bg5,SCU,CANFD_R,0x25E,CAN FD base (11-bit),32,PERIODIC,20.0,0,,0.0,0,,,,,,,,,,
SCU_Bg6,SCU,CANFD_R,0x51A,CAN FD base (11-bit),24,PERIODIC,500.0,0,,0.0,0,,,,,,,,,,
SCU_NM,SCU,CANFD_R,0x707,CAN FD base (11-bit),8,PERIODIC,1000,0,,0.0,0,,,,,,,,,,
TPMS_Bg0,TPMS,CANFD_R,0x51E,CAN FD base (11-bit),24,PERIODIC,100.0,0,,0.0,0,,,,,,,,,,
TPMS_Bg1,TPMS,CANFD_R,0x414,CAN FD base (11-bit),16,PERIODIC,10.0,0,,0.0,0,,,,,,,,,,
TPMS_Bg2,TPMS,CANFD_R,0x416,CAN FD base (11-bit),16,PERIODIC,50.0,0,,0.0,0,,,,,,,,,,
TPMS_NM,TPMS,CANFD_R,0x708,CAN FD base (11-bit),8,PERIODIC,1000,0,,0.0,0,,,,,,,,,,
CCU_Bg0,CCU,CANFD_R,0x526,CAN FD base (11-bit),16,PERIODIC,200.0,0,,0.0,0,,,,,,,,,,
CCU_Bg1,CCU,CANFD_R,0x528,CAN FD base (11-bit),16,PERIODIC,200.0,0,,0.0,0,,,,,,,,,,
CCU_Bg2,CCU,CANFD_R,0x456,CAN FD base (11-bit),32,PERIODIC,10.0,0,,0.0,0,,,,,,,,,,
CCU_Bg3,CCU,CANFD_R,0x52C,CAN FD base (11-bit),24,PERIODIC,200.0,0,,0.0,0,,,,,,,,,,
CCU_Bg4,CCU,CANFD_R,0x52E,CAN FD base (11-bit),16,PERIODIC,500.0,0,,0.0,0,,,,,,,,,,
CCU_Bg5,CCU,CANFD_R,0x530,CAN FD base (11-bit),8,PERIODIC,200.0,0,,0.0,0,,,,,,,,,,
CCU_Bg6,CCU,CANFD_R,0x45E,CAN FD base (11-bit),32,PERIODIC,10.0,0,,0.0,0,,,,,,,,,,
CCU_Bg7,CCU,CANFD_R,0x534,CAN FD base (11-bit),24,PERIODIC,500.0,0,,0.0,0,,,,,,,,,,
CCU_NM,CCU,CANFD_R,0x709,CAN FD base (11-bit),8,PERIODIC,1000,0,,0.0,0,,,,,,,,,,
