i,j,source,target,type,layer,corr_nominal
0,6,v_veh,w_FL,kin,physical,1.0000
0,7,v_veh,w_FR,kin,physical,1.0000
0,8,v_veh,w_RL,kin,physical,1.0000
0,9,v_veh,w_RR,kin,physical,1.0000
6,7,w_FL,w_FR,kin,physical,1.0000
8,9,w_RL,w_RR,kin,physical,1.0000
6,8,w_FL,w_RL,kin,physical,1.0000
7,9,w_FR,w_RR,kin,physical,1.0000
0,1,v_veh,a_long,kin,physical,-0.0027
3,2,yaw_rate,a_lat,kin,physical,0.8789
0,2,v_veh,a_lat,kin,physical,-0.0002
3,4,yaw_rate,steer_angle,kin,physical,0.8323
2,4,a_lat,steer_angle,kin,physical,0.5417
32,6,n_MG2,w_FL,kin,physical,1.0000
32,7,n_MG2,w_FR,kin,physical,1.0000
3,6,yaw_rate,w_FL,kin,physical,-0.0081
3,7,yaw_rate,w_FR,kin,physical,0.0010
3,8,yaw_rate,w_RL,kin,physical,-0.0078
3,9,yaw_rate,w_RR,kin,physical,0.0007
25,30,n_eng,n_MG1,kin,physical,0.5129
30,32,n_MG1,n_MG2,kin,physical,-0.3289
25,32,n_eng,n_MG2,kin,physical,0.6420
26,31,tq_eng,tq_MG1,mech,physical,-0.9834
26,25,tq_eng,n_eng,mech,physical,0.8796
33,1,tq_MG2,a_long,mech,physical,0.8981
26,1,tq_eng,a_long,mech,physical,0.4463
22,1,brake_pressure,a_long,mech,physical,-0.5479
10,6,p_tire_FL,w_FL,mech,physical,0.6580
11,7,p_tire_FR,w_FR,mech,physical,0.6579
12,8,p_tire_RL,w_RL,mech,physical,0.6586
13,9,p_tire_RR,w_RR,mech,physical,0.6585
14,18,susp_travel_FL,body_acc_FL,mech,physical,-0.0013
15,19,susp_travel_FR,body_acc_FR,mech,physical,0.0105
16,20,susp_travel_RL,body_acc_RL,mech,physical,0.0168
17,21,susp_travel_RR,body_acc_RR,mech,physical,-0.0129
14,15,susp_travel_FL,susp_travel_FR,mech,physical,0.3870
16,17,susp_travel_RL,susp_travel_RR,mech,physical,0.3155
14,16,susp_travel_FL,susp_travel_RL,mech,physical,0.0448
15,17,susp_travel_FR,susp_travel_RR,mech,physical,0.0373
18,19,body_acc_FL,body_acc_FR,mech,physical,0.7355
20,21,body_acc_RL,body_acc_RR,mech,physical,0.8125
18,20,body_acc_FL,body_acc_RL,mech,physical,0.7276
19,21,body_acc_FR,body_acc_RR,mech,physical,0.7273
1,14,a_long,susp_travel_FL,mech,physical,0.4877
1,15,a_long,susp_travel_FR,mech,physical,0.4963
1,16,a_long,susp_travel_RL,mech,physical,-0.5679
1,17,a_long,susp_travel_RR,mech,physical,-0.5638
2,14,a_lat,susp_travel_FL,mech,physical,0.4907
2,15,a_lat,susp_travel_FR,mech,physical,-0.4987
2,16,a_lat,susp_travel_RL,mech,physical,0.5344
2,17,a_lat,susp_travel_RR,mech,physical,-0.5234
0,18,v_veh,body_acc_FL,mech,physical,0.3998
0,19,v_veh,body_acc_FR,mech,physical,0.4008
0,20,v_veh,body_acc_RL,mech,physical,0.4029
0,21,v_veh,body_acc_RR,mech,physical,0.4018
27,26,fuel_rate,tq_eng,mech,physical,0.9124
27,25,fuel_rate,n_eng,mech,physical,0.9119
5,33,pedal_acc,tq_MG2,ctrl,physical,0.7085
5,26,pedal_acc,tq_eng,ctrl,physical,0.6548
5,1,pedal_acc,a_long,ctrl,physical,0.7849
22,33,brake_pressure,tq_MG2,ctrl,physical,-0.4237
39,26,SOC,tq_eng,ctrl,physical,-0.0725
37,31,I_batt,tq_MG1,elec,physical,0.0005
37,33,I_batt,tq_MG2,elec,physical,0.7055
37,38,I_batt,V_batt,elec,physical,-0.6178
38,39,V_batt,SOC,elec,physical,0.6807
37,39,I_batt,SOC,elec,physical,-0.0111
37,42,I_batt,I_dcdc,elec,physical,-0.0025
37,46,I_batt,P_ac,elec,physical,0.0182
41,42,V_12,I_dcdc,elec,physical,-1.0000
40,37,T_batt,I_batt,therm,physical,0.0102
40,45,T_batt,T_cabin,therm,physical,0.7365
40,38,T_batt,V_batt,elec,physical,-0.4186
34,31,T_MG1,tq_MG1,therm,physical,0.0349
35,33,T_MG2,tq_MG2,therm,physical,-0.0163
34,43,T_MG1,T_cool_edu,therm,physical,0.9962
35,43,T_MG2,T_cool_edu,therm,physical,0.9806
36,43,T_inv,T_cool_edu,therm,physical,0.9983
36,37,T_inv,I_batt,therm,physical,-0.0034
43,0,T_cool_edu,v_veh,therm,physical,0.0160
28,44,T_cool_eng,T_rad_out,therm,physical,0.7434
44,0,T_rad_out,v_veh,therm,physical,0.4351
28,27,T_cool_eng,fuel_rate,therm,physical,0.2163
28,45,T_cool_eng,T_cabin,therm,physical,0.3929
29,27,T_cat,fuel_rate,therm,physical,0.3980
29,25,T_cat,n_eng,therm,physical,0.4647
45,46,T_cabin,P_ac,therm,physical,0.6284
23,22,T_brake_F,brake_pressure,therm,physical,0.1363
24,22,T_brake_R,brake_pressure,therm,physical,0.0821
23,0,T_brake_F,v_veh,therm,physical,-0.0797
24,0,T_brake_R,v_veh,therm,physical,-0.0348
10,11,p_tire_FL,p_tire_FR,therm,physical,1.0000
12,13,p_tire_RL,p_tire_RR,therm,physical,1.0000
10,12,p_tire_FL,p_tire_RL,therm,physical,1.0000
11,13,p_tire_FR,p_tire_RR,therm,physical,1.0000
10,0,p_tire_FL,v_veh,therm,physical,0.6586
11,0,p_tire_FR,v_veh,therm,physical,0.6586
12,0,p_tire_RL,v_veh,therm,physical,0.6589
13,0,p_tire_RR,v_veh,therm,physical,0.6589
47,61,ECM,CANFD_F,canfd,ee,0.0370
48,61,PCU,CANFD_F,canfd,ee,-0.0027
49,61,ESC,CANFD_F,canfd,ee,0.0224
50,61,EPS,CANFD_F,canfd,ee,0.0469
51,61,DCDC_ECU,CANFD_F,canfd,ee,0.0505
52,61,TMS,CANFD_F,canfd,ee,0.0571
53,62,BMS,CANFD_R,canfd,ee,0.0220
54,62,SCU,CANFD_R,canfd,ee,0.0117
55,62,TPMS,CANFD_R,canfd,ee,-0.0271
56,62,CCU,CANFD_R,canfd,ee,-0.0045
57,61,ZC_FRONT,CANFD_F,canfd,ee,0.0822
58,62,ZC_REAR,CANFD_R,canfd,ee,-0.0290
57,63,ZC_FRONT,ETH_BB,eth,ee,-0.0100
58,63,ZC_REAR,ETH_BB,eth,ee,-0.0224
59,63,CVC,ETH_BB,eth,ee,0.3451
60,63,TCU,ETH_BB,eth,ee,0.0204
59,57,CVC,ZC_FRONT,svc,ee,0.2253
59,58,CVC,ZC_REAR,svc,ee,0.0444
60,57,TCU,ZC_FRONT,svc,ee,-0.0099
60,58,TCU,ZC_REAR,svc,ee,0.0332
0,49,v_veh,ESC,own,inter,0.0211
1,49,a_long,ESC,own,inter,-0.0020
2,49,a_lat,ESC,own,inter,0.0132
3,49,yaw_rate,ESC,own,inter,0.0122
4,50,steer_angle,EPS,own,inter,-0.0045
5,57,pedal_acc,ZC_FRONT,own,inter,0.0406
6,49,w_FL,ESC,own,inter,0.0211
7,49,w_FR,ESC,own,inter,0.0212
8,49,w_RL,ESC,own,inter,0.0210
9,49,w_RR,ESC,own,inter,0.0212
10,55,p_tire_FL,TPMS,own,inter,-0.1765
11,55,p_tire_FR,TPMS,own,inter,-0.1765
12,55,p_tire_RL,TPMS,own,inter,-0.1765
13,55,p_tire_RR,TPMS,own,inter,-0.1765
14,54,susp_travel_FL,SCU,own,inter,0.0081
15,54,susp_travel_FR,SCU,own,inter,-0.0052
16,54,susp_travel_RL,SCU,own,inter,-0.0042
17,54,susp_travel_RR,SCU,own,inter,0.0004
18,54,body_acc_FL,SCU,own,inter,-0.0180
19,54,body_acc_FR,SCU,own,inter,-0.0162
20,54,body_acc_RL,SCU,own,inter,-0.0182
21,54,body_acc_RR,SCU,own,inter,-0.0188
22,49,brake_pressure,ESC,own,inter,0.0063
23,49,T_brake_F,ESC,own,inter,0.0001
24,49,T_brake_R,ESC,own,inter,0.0034
25,47,n_eng,ECM,own,inter,-0.0136
26,47,tq_eng,ECM,own,inter,-0.0084
27,47,fuel_rate,ECM,own,inter,-0.0055
28,47,T_cool_eng,ECM,own,inter,0.0584
29,47,T_cat,ECM,own,inter,0.0177
30,48,n_MG1,PCU,own,inter,0.0257
31,48,tq_MG1,PCU,own,inter,0.0257
32,48,n_MG2,PCU,own,inter,-0.0443
33,48,tq_MG2,PCU,own,inter,0.0120
34,48,T_MG1,PCU,own,inter,-0.0789
35,48,T_MG2,PCU,own,inter,-0.0840
36,48,T_inv,PCU,own,inter,-0.0788
37,53,I_batt,BMS,own,inter,-0.0012
38,53,V_batt,BMS,own,inter,-0.0068
39,53,SOC,BMS,own,inter,-0.0213
40,53,T_batt,BMS,own,inter,0.0439
41,51,V_12,DCDC_ECU,own,inter,0.0065
42,51,I_dcdc,DCDC_ECU,own,inter,-0.0065
43,52,T_cool_edu,TMS,own,inter,-0.1079
44,52,T_rad_out,TMS,own,inter,-0.1070
45,56,T_cabin,CCU,own,inter,0.0907
46,56,P_ac,CCU,own,inter,0.1341
