id,split,cycle,T_amb_C,seed,fault,fault_id,onset_s,severity
nom_train_urban_m5,train,urban,-5,1000,,0,,
nom_train_urban_p20,train,urban,20,1001,,0,,
nom_train_urban_p35,train,urban,35,1002,,0,,
nom_train_suburban_m5,train,suburban,-5,1003,,0,,
nom_train_suburban_p20,train,suburban,20,1004,,0,,
nom_train_suburban_p35,train,suburban,35,1005,,0,,
nom_train_highway_m5,train,highway,-5,1006,,0,,
nom_train_highway_p20,train,highway,20,1007,,0,,
nom_train_highway_p35,train,highway,35,1008,,0,,
nom_train_mixed_m5,train,mixed,-5,1009,,0,,
nom_train_mixed_p20,train,mixed,20,1010,,0,,
nom_train_mixed_p35,train,mixed,35,1011,,0,,
nom_train_hilly_m5,train,hilly,-5,1012,,0,,
nom_train_hilly_p20,train,hilly,20,1013,,0,,
nom_train_hilly_p35,train,hilly,35,1014,,0,,
nom_test_urban_m5,test,urban,-5,1015,,0,,
nom_test_urban_p20,test,urban,20,1016,,0,,
nom_test_urban_p35,test,urban,35,1017,,0,,
nom_test_suburban_m5,test,suburban,-5,1018,,0,,
nom_test_suburban_p20,test,suburban,20,1019,,0,,
nom_test_suburban_p35,test,suburban,35,1020,,0,,
nom_test_highway_m5,test,highway,-5,1021,,0,,
nom_test_highway_p20,test,highway,20,1022,,0,,
nom_test_highway_p35,test,highway,35,1023,,0,,
nom_test_mixed_m5,test,mixed,-5,1024,,0,,
nom_test_mixed_p20,test,mixed,20,1025,,0,,
nom_test_mixed_p35,test,mixed,35,1026,,0,,
nom_test_hilly_m5,test,hilly,-5,1027,,0,,
nom_test_hilly_p20,test,hilly,20,1028,,0,,
nom_test_hilly_p35,test,hilly,35,1029,,0,,
fault_bat_resistance_s050_0,fault,urban,-5,5000,bat_resistance,1,335.8,0.5
fault_bat_resistance_s050_1,fault,mixed,35,5001,bat_resistance,1,428.0,0.5
fault_bat_resistance_s100_0,fault,suburban,20,5010,bat_resistance,1,393.5,1.0
fault_bat_resistance_s100_1,fault,hilly,-5,5011,bat_resistance,1,374.1,1.0
fault_edu_pump_s050_0,fault,highway,20,5100,edu_pump,2,371.0,0.5
fault_edu_pump_s050_1,fault,urban,-5,5101,edu_pump,2,458.1,0.5
fault_edu_pump_s100_0,fault,mixed,35,5110,edu_pump,2,481.0,1.0
fault_edu_pump_s100_1,fault,suburban,20,5111,edu_pump,2,335.5,1.0
fault_mg2_winding_s050_0,fault,hilly,35,5200,mg2_winding,3,430.6,0.5
fault_mg2_winding_s050_1,fault,highway,20,5201,mg2_winding,3,359.7,0.5
fault_mg2_winding_s100_0,fault,urban,-5,5210,mg2_winding,3,493.4,1.0
fault_mg2_winding_s100_1,fault,mixed,35,5211,mg2_winding,3,484.0,1.0
fault_misfire_s050_0,fault,suburban,-5,5300,misfire,4,427.2,0.5
fault_misfire_s050_1,fault,hilly,35,5301,misfire,4,450.5,0.5
fault_misfire_s100_0,fault,highway,20,5310,misfire,4,403.0,1.0
fault_misfire_s100_1,fault,urban,-5,5311,misfire,4,465.2,1.0
fault_thermostat_stuck_s050_0,fault,mixed,20,5400,thermostat_stuck,5,389.7,0.5
fault_thermostat_stuck_s050_1,fault,suburban,-5,5401,thermostat_stuck,5,367.8,0.5
fault_thermostat_stuck_s100_0,fault,highway,35,5410,thermostat_stuck,5,355.6,1.0
fault_thermostat_stuck_s100_1,fault,highway,20,5411,thermostat_stuck,5,345.3,1.0
fault_tire_leak_FL_s050_0,fault,urban,35,5500,tire_leak_FL,6,405.2,0.5
fault_tire_leak_FL_s050_1,fault,mixed,20,5501,tire_leak_FL,6,386.2,0.5
fault_tire_leak_FL_s100_0,fault,suburban,-5,5510,tire_leak_FL,6,432.6,1.0
fault_tire_leak_FL_s100_1,fault,hilly,35,5511,tire_leak_FL,6,302.6,1.0
fault_damper_RR_s050_0,fault,highway,-5,5600,damper_RR,7,389.5,0.5
fault_damper_RR_s050_1,fault,urban,35,5601,damper_RR,7,373.0,0.5
fault_damper_RR_s100_0,fault,mixed,20,5610,damper_RR,7,339.1,1.0
fault_damper_RR_s100_1,fault,suburban,-5,5611,damper_RR,7,419.0,1.0
fault_brake_drag_F_s050_0,fault,hilly,20,5700,brake_drag_F,8,387.1,0.5
fault_brake_drag_F_s050_1,fault,highway,-5,5701,brake_drag_F,8,360.0,0.5
fault_brake_drag_F_s100_0,fault,urban,35,5710,brake_drag_F,8,341.9,1.0
fault_brake_drag_F_s100_1,fault,mixed,20,5711,brake_drag_F,8,474.9,1.0
fault_dcdc_degradation_s050_0,fault,suburban,35,5800,dcdc_degradation,9,459.5,0.5
fault_dcdc_degradation_s050_1,fault,hilly,20,5801,dcdc_degradation,9,421.3,0.5
fault_dcdc_degradation_s100_0,fault,highway,-5,5810,dcdc_degradation,9,369.0,1.0
fault_dcdc_degradation_s100_1,fault,urban,35,5811,dcdc_degradation,9,489.4,1.0
fault_sens_bias_yaw_s050_0,fault,mixed,-5,5900,sens_bias_yaw,10,412.7,0.5
fault_sens_bias_yaw_s050_1,fault,suburban,35,5901,sens_bias_yaw,10,386.6,0.5
fault_sens_bias_yaw_s100_0,fault,hilly,20,5910,sens_bias_yaw,10,480.1,1.0
fault_sens_bias_yaw_s100_1,fault,highway,-5,5911,sens_bias_yaw,10,363.9,1.0
fault_sens_stuck_Tbatt_s050_0,fault,urban,20,6000,sens_stuck_Tbatt,11,439.2,0.5
fault_sens_stuck_Tbatt_s050_1,fault,mixed,-5,6001,sens_stuck_Tbatt,11,362.8,0.5
fault_sens_stuck_Tbatt_s100_0,fault,suburban,35,6010,sens_stuck_Tbatt,11,352.3,1.0
fault_sens_stuck_Tbatt_s100_1,fault,hilly,20,6011,sens_stuck_Tbatt,11,440.2,1.0
fault_sens_noise_wFR_s050_0,fault,highway,35,6100,sens_noise_wFR,12,345.6,0.5
fault_sens_noise_wFR_s050_1,fault,urban,20,6101,sens_noise_wFR,12,398.6,0.5
fault_sens_noise_wFR_s100_0,fault,mixed,-5,6110,sens_noise_wFR,12,416.0,1.0
fault_sens_noise_wFR_s100_1,fault,suburban,35,6111,sens_noise_wFR,12,337.8,1.0
fault_ee_babbling_ESC_s050_0,fault,hilly,-5,6200,ee_babbling_ESC,13,446.2,0.5
fault_ee_babbling_ESC_s050_1,fault,highway,35,6201,ee_babbling_ESC,13,409.7,0.5
fault_ee_babbling_ESC_s100_0,fault,urban,20,6210,ee_babbling_ESC,13,424.3,1.0
fault_ee_babbling_ESC_s100_1,fault,mixed,-5,6211,ee_babbling_ESC,13,374.4,1.0
fault_ee_zonal_overload_s050_0,fault,suburban,20,6300,ee_zonal_overload,14,384.0,0.5
fault_ee_zonal_overload_s050_1,fault,hilly,-5,6301,ee_zonal_overload,14,399.0,0.5
fault_ee_zonal_overload_s100_0,fault,highway,35,6310,ee_zonal_overload,14,394.0,1.0
fault_ee_zonal_overload_s100_1,fault,urban,20,6311,ee_zonal_overload,14,435.1,1.0
fault_ee_bms_overrun_s050_0,fault,mixed,35,6400,ee_bms_overrun,15,415.4,0.5
fault_ee_bms_overrun_s050_1,fault,suburban,20,6401,ee_bms_overrun,15,383.3,0.5
fault_ee_bms_overrun_s100_0,fault,hilly,-5,6410,ee_bms_overrun,15,300.4,1.0
fault_ee_bms_overrun_s100_1,fault,highway,35,6411,ee_bms_overrun,15,458.8,1.0
