fault,severity,zscore,pca_spe,gsp_highpass,gsp_nbr_reg
bat_resistance,0.5,0.5102,0.5398,0.5466,0.5447
bat_resistance,1.0,0.5416,0.7183,0.6230,0.6365
edu_pump,0.5,0.5496,0.6243,0.5168,0.6448
edu_pump,1.0,0.3719,0.6985,0.4434,0.4757
mg2_winding,0.5,0.4402,0.5357,0.3632,0.4907
mg2_winding,1.0,0.4105,0.6170,0.5201,0.5066
misfire,0.5,0.3314,0.6412,0.5108,0.5582
misfire,1.0,0.6675,0.9071,0.6641,0.8535
thermostat_stuck,0.5,0.4076,0.7954,0.4508,0.4917
thermostat_stuck,1.0,0.5412,0.6656,0.3523,0.4236
tire_leak_FL,0.5,0.9914,1.0000,0.9998,1.0000
tire_leak_FL,1.0,0.9998,1.0000,1.0000,1.0000
damper_RR,0.5,0.5843,0.4558,0.5415,0.5710
damper_RR,1.0,0.5554,0.5244,0.5105,0.5763
brake_drag_F,0.5,0.7716,0.9669,0.7365,0.8295
brake_drag_F,1.0,0.8656,0.9729,0.8359,0.8900
dcdc_degradation,0.5,0.9917,1.0000,1.0000,1.0000
dcdc_degradation,1.0,1.0000,1.0000,1.0000,1.0000
sens_bias_yaw,0.5,0.4973,0.7789,0.5905,0.7729
sens_bias_yaw,1.0,0.5391,0.9600,0.6610,0.9752
sens_stuck_Tbatt,0.5,0.4377,0.7529,0.5318,0.5605
sens_stuck_Tbatt,1.0,0.3276,0.6130,0.3629,0.3648
sens_noise_wFR,0.5,0.4958,0.6326,0.4742,0.9046
sens_noise_wFR,1.0,0.3737,0.7146,0.5106,0.9936
ee_babbling_ESC,0.5,1.0000,0.9998,1.0000,1.0000
ee_babbling_ESC,1.0,1.0000,0.9999,1.0000,1.0000
ee_zonal_overload,0.5,0.9228,0.4835,0.8978,0.9211
ee_zonal_overload,1.0,0.9992,0.9199,0.9985,0.9987
ee_bms_overrun,0.5,0.9453,0.4999,0.9012,0.9485
ee_bms_overrun,1.0,0.9986,0.5621,0.9967,0.9975
